protocol_type,service,src_bytes,dst_bytes,logged_in,pid,srv_ip,dst_ip
1,0,58963027,420683264,0,10628,127.0.0.1,127.0.0.1
1,0,58963027,420684191,0,9504,10.72.101.121,157.240.212.61
1,0,58963027,420684191,0,6024,127.0.0.1,127.0.0.1
2,0,58963027,420684191,0,11768,127.0.0.1,
1,0,58963027,420684191,0,24156,0.0.0.0,
1,0,58963027,420684191,0,3488,10.72.101.121,10.72.151.190
2,0,58963027,420684191,0,10656,0.0.0.0,
1,https,58963027,420684843,0,6160,10.72.101.121,34.110.186.80
2,0,58963027,420684843,0,16416,0.0.0.0,
1,0,58963027,420684843,0,1008,0.0.0.0,
2,0,58963027,420685433,0,1212,fe80::b31b:e46d:18a2:8324,
1,0,58963027,420685433,0,10628,127.0.0.1,127.0.0.1
1,https,58963027,420685433,0,9980,10.72.101.121,20.199.120.85
1,0,58963027,420686111,0,8832,127.0.0.1,127.0.0.1
1,0,58963027,420686111,0,7704,127.0.0.1,
1,https,58963027,420686111,0,20996,10.72.101.121,34.170.65.59
1,0,58963027,420686111,0,2384,::,
1,https,58963027,420686111,0,20996,10.72.101.121,34.170.65.59
1,0,58963027,420686111,0,0,127.0.0.1,127.0.0.1
1,0,58963027,420686403,0,7644,127.0.0.1,127.0.0.1
1,0,58963027,420686403,0,7272,127.0.0.1,
1,0,58963027,420686403,0,0,127.0.0.1,127.0.0.1
1,0,58963027,420686403,0,8832,127.0.0.1,127.0.0.1
1,0,58963027,420686403,0,25320,127.0.0.1,127.0.0.1
1,0,58963027,420686403,0,9936,127.0.0.1,
2,0,58963027,420686403,0,1212,fe80::b31b:e46d:18a2:8324,
1,0,58963027,420686403,0,13896,127.0.0.1,127.0.0.1
1,0,58963027,420686403,0,6004,0.0.0.0,
1,0,58963027,420686403,0,23492,127.0.0.1,
1,0,58963069,420686459,0,23492,127.0.0.1,
1,0,58963069,420686459,0,4,192.168.189.1,
1,https,58963069,420686459,0,6160,10.72.101.121,34.110.186.80
1,0,58963069,420686872,0,7832,fe80::d181:f307:cb71:bf47,fe80::d181:f307:cb71:bf47
1,https,58963069,420686872,0,6160,10.72.101.121,34.110.186.80
1,0,58963069,420686872,0,24628,127.0.0.1,
1,0,58963069,420686872,0,15388,127.0.0.1,
1,https,58963069,420686872,0,6160,10.72.101.121,34.110.186.80
2,0,58963069,420686872,0,6024,127.0.0.1,127.0.0.1
1,0,58963069,420686872,0,24628,127.0.0.1,
1,0,58963069,420686872,0,14840,127.0.0.1,127.0.0.1
1,0,58963069,420686872,0,7832,fe80::d181:f307:cb71:bf47,fe80::d181:f307:cb71:bf47
1,https,58963069,420686872,0,6160,10.72.101.121,34.110.186.80
1,0,58963069,420686872,0,4,192.168.189.1,
1,0,58963069,420686872,0,14704,0.0.0.0,
1,0,58963069,420686872,0,24156,0.0.0.0,
2,0,58963069,420686964,0,12040,127.0.0.1,
1,0,58963069,420686964,0,23492,127.0.0.1,
1,0,58963069,420686964,0,2384,::,
1,0,58963069,420686964,0,12040,127.0.0.1,
1,0,58963069,420686964,0,14840,127.0.0.1,127.0.0.1
1,0,58963069,420686964,0,12040,127.0.0.1,
1,https,58963069,420686964,0,6160,10.72.101.121,34.110.186.80
2,0,58963069,420687143,0,1212,fe80::b31b:e46d:18a2:8324,
1,0,58963069,420687143,0,6024,127.0.0.1,127.0.0.1
1,0,58963069,420687143,0,7852,fe80::32a3:3992:9c40:28b6,
1,0,58963069,420687143,0,23492,127.0.0.1,
1,0,58963069,420687143,0,4,192.168.189.1,
1,0,58963069,420687143,0,8832,127.0.0.1,127.0.0.1
2,0,58963069,420687813,0,13896,127.0.0.1,127.0.0.1
1,0,58963069,420687813,0,6004,0.0.0.0,
1,0,58963069,420687813,0,11216,0.0.0.0,
1,0,58963069,420687813,0,3488,10.72.101.121,10.72.151.190
1,0,58963069,420687813,0,23492,127.0.0.1,
1,0,58963069,420687813,0,23492,127.0.0.1,
2,0,58963069,420688414,0,5484,::1,
2,0,58963069,420689004,0,4,192.168.189.1,
2,0,58963069,420689004,0,6024,127.0.0.1,127.0.0.1
1,0,58963069,420689004,0,6004,0.0.0.0,
1,0,58963069,420689004,0,6152,0.0.0.0,
1,0,58963069,420689004,0,7832,fe80::d181:f307:cb71:bf47,fe80::d181:f307:cb71:bf47
1,0,58963069,420689794,0,4,192.168.189.1,
2,0,58963069,420689794,0,1212,fe80::b31b:e46d:18a2:8324,
1,0,58963069,420689794,0,9512,127.0.0.1,
1,0,58963069,420690223,0,7644,127.0.0.1,127.0.0.1
1,0,58963069,420690223,0,14840,127.0.0.1,127.0.0.1
1,0,58963069,420690223,0,7852,fe80::32a3:3992:9c40:28b6,
1,0,58963069,420690223,0,1328,::,
2,0,58963069,420690223,0,2324,0.0.0.0,
2,0,58963069,420690223,0,1212,fe80::b31b:e46d:18a2:8324,
2,0,58963069,420690648,0,1212,fe80::b31b:e46d:18a2:8324,
1,0,58963069,420690648,0,6004,0.0.0.0,
1,0,58963069,420690648,0,4,192.168.189.1,
2,0,58963069,420690648,0,4,192.168.189.1,
2,0,58963069,420690648,0,6024,127.0.0.1,127.0.0.1
1,0,58963069,420690648,0,7272,127.0.0.1,
1,0,58963069,420691228,0,0,127.0.0.1,127.0.0.1
1,0,58963069,420691228,0,4,192.168.189.1,
1,0,58963069,420691228,0,7644,127.0.0.1,127.0.0.1
1,0,58963069,420691228,0,24628,127.0.0.1,
2,0,58963069,420691228,0,11864,::,
1,https,58963069,420691228,0,6160,10.72.101.121,34.110.186.80
2,0,58963069,420691832,0,2324,0.0.0.0,
1,0,58963069,420691832,0,9512,127.0.0.1,
1,0,58963069,420691832,0,14704,0.0.0.0,
1,0,58963069,420691832,0,10656,0.0.0.0,
1,0,58963069,420691832,0,3752,127.0.0.1,
2,0,58963069,420691832,0,4,192.168.189.1,
2,0,58963069,420691832,0,5484,::1,
2,0,58963069,420691832,0,1928,127.0.0.1,
2,0,58963069,420692032,0,4412,127.0.0.1,
2,0,58963172,420692032,0,2324,0.0.0.0,
1,0,58963172,420692032,0,25320,127.0.0.1,127.0.0.1
1,0,58963172,420692088,0,9512,127.0.0.1,
2,0,58963173,420692339,0,11864,::,
1,0,58963173,420692339,0,23492,127.0.0.1,
1,0,58963173,420692339,0,6004,0.0.0.0,
1,0,58963425,420692339,0,23492,127.0.0.1,
1,0,58963425,420692395,0,0,127.0.0.1,127.0.0.1
1,0,58963425,420692395,0,7832,fe80::d181:f307:cb71:bf47,fe80::d181:f307:cb71:bf47
1,0,58963425,420692882,0,6524,::,
1,0,58963425,420692882,0,13732,127.0.0.1,127.0.0.1
1,0,58963425,420692882,0,14704,0.0.0.0,
1,https,58963479,420692882,0,20996,10.72.101.121,34.170.65.59
1,0,58963479,420692882,0,25320,127.0.0.1,127.0.0.1
1,0,58963479,420692882,0,6004,0.0.0.0,
1,0,58963479,420693164,0,14704,0.0.0.0,
1,0,58963479,420693164,0,1064,::,
2,0,58963479,420693164,0,16416,0.0.0.0,
1,0,58963479,420693164,0,15388,127.0.0.1,
1,0,58963479,420693164,0,11164,127.0.0.1,127.0.0.1
1,0,58963479,420694401,0,6004,0.0.0.0,
2,0,58963479,420694401,0,2324,0.0.0.0,
2,0,58963533,420694401,0,1212,fe80::b31b:e46d:18a2:8324,
2,0,58963533,420694401,0,1212,fe80::b31b:e46d:18a2:8324,
2,0,58963533,420694401,0,6024,127.0.0.1,127.0.0.1
1,0,58963533,420694668,0,1328,::,
2,0,58963533,420694668,0,2324,0.0.0.0,
2,0,58963533,420694668,0,2324,0.0.0.0,
1,0,58963533,420694668,0,9512,127.0.0.1,
2,0,58963533,420694668,0,5484,::1,
1,https,58963533,420694668,0,6160,10.72.101.121,34.110.186.80
2,0,58963533,420694771,0,6340,0.0.0.0,
1,0,58963575,420694771,0,1684,::,
1,0,58963575,420694771,0,24156,0.0.0.0,
1,0,58963575,420694771,0,14840,127.0.0.1,127.0.0.1
2,0,58963575,420694771,0,2044,0.0.0.0,
2,0,58963575,420694771,0,1212,fe80::b31b:e46d:18a2:8324,
1,0,58963575,420694771,0,23492,127.0.0.1,
1,0,58963575,420694771,0,3488,10.72.101.121,10.72.151.190
2,0,58963575,420694771,0,11864,::,
2,0,58963575,420694771,0,1212,fe80::b31b:e46d:18a2:8324,
1,0,58963575,420695055,0,4568,::,
1,0,58963575,420695055,0,7180,127.0.0.1,
1,https,58963575,420695055,0,6160,10.72.101.121,34.110.186.80
1,0,58963575,420695055,0,23492,127.0.0.1,
1,0,58963575,420695055,0,4,192.168.189.1,
2,0,58963575,420695055,0,5484,::1,
2,0,58963575,420695222,0,5484,::1,
2,0,58963575,420695222,0,6024,127.0.0.1,127.0.0.1
1,0,58963575,420695222,0,9360,127.0.0.1,
2,0,58963575,420695222,0,1212,fe80::b31b:e46d:18a2:8324,
2,0,58963575,420695222,0,11216,0.0.0.0,
1,0,58963575,420695222,0,23492,127.0.0.1,
1,0,58963575,420695803,0,7832,fe80::d181:f307:cb71:bf47,fe80::d181:f307:cb71:bf47
1,0,58963575,420695803,0,1028,0.0.0.0,
1,0,58963575,420695803,0,13624,127.0.0.1,
1,0,58963575,420695803,0,6004,0.0.0.0,
1,0,58963575,420695803,0,23492,127.0.0.1,
1,0,58963575,420695803,0,16416,0.0.0.0,
1,0,58963575,420695803,0,4220,::,
1,0,58963575,420696548,0,4,192.168.189.1,
1,0,58963575,420696548,0,4568,::,
1,0,58963575,420696548,0,1028,0.0.0.0,
2,0,58963575,420696548,0,4,192.168.189.1,
2,0,58963575,420696548,0,1212,fe80::b31b:e46d:18a2:8324,
1,0,58963575,420696548,0,3752,127.0.0.1,
1,0,58963575,420697316,0,14840,127.0.0.1,127.0.0.1
1,0,58963575,420697316,0,25320,127.0.0.1,127.0.0.1
2,0,58963575,420697316,0,3240,::,
1,0,58963575,420697316,0,7356,127.0.0.1,
1,0,58963575,420697316,0,25320,127.0.0.1,127.0.0.1
2,0,58963575,420697316,0,1212,fe80::b31b:e46d:18a2:8324,
1,0,58963575,420698007,0,5484,::1,
2,0,58963575,420698007,0,6024,127.0.0.1,127.0.0.1
2,0,58963575,420698007,0,6340,0.0.0.0,
1,0,58963576,420698007,0,23492,127.0.0.1,
1,0,58963576,420698007,0,4220,::,
1,0,58963576,420698007,0,4,192.168.189.1,
1,0,58963576,420699500,0,9512,127.0.0.1,
1,0,58963576,420699500,0,6004,0.0.0.0,
2,0,58963576,420699500,0,2324,0.0.0.0,
2,0,58963576,420699500,0,11864,::,
2,0,58963576,420699500,0,4,192.168.189.1,
1,0,58963576,420699500,0,7180,127.0.0.1,
1,0,58963576,420699717,0,1684,::,
1,0,58963724,420699985,0,6200,127.0.0.1,
1,0,58963724,420699985,0,6004,0.0.0.0,
1,0,58963766,420699985,0,23492,127.0.0.1,
1,0,58963766,420699985,0,13732,127.0.0.1,127.0.0.1
1,0,58963766,420700900,0,10628,127.0.0.1,127.0.0.1
2,0,58963766,420700900,0,1212,fe80::b31b:e46d:18a2:8324,
1,0,58963766,420700900,0,7852,fe80::32a3:3992:9c40:28b6,
2,0,58963766,420700900,0,4,192.168.189.1,
2,0,58963766,420700900,0,2324,::,
2,0,58963766,420700900,0,4,192.168.189.1,
1,0,58963766,420701067,0,11216,0.0.0.0,
1,0,58963766,420701067,0,7232,0.0.0.0,
1,0,58963766,420701067,0,1064,::,
1,0,58963766,420701067,0,3488,10.72.101.121,10.72.151.190
2,0,58963766,420701067,0,1212,fe80::b31b:e46d:18a2:8324,
1,0,58963766,420701067,0,24156,0.0.0.0,
2,0,58963766,420701234,0,1212,fe80::b31b:e46d:18a2:8324,
1,https,58963766,420701234,0,9980,10.72.101.121,20.199.120.85
2,0,58963766,420701234,0,5484,::1,
1,0,58963766,420701234,0,14704,0.0.0.0,
1,0,58963766,420701234,0,6524,::,
1,0,58963766,420701234,0,9512,127.0.0.1,
1,0,58963766,420701553,0,5412,127.0.0.1,
2,0,58963766,420701553,0,2044,0.0.0.0,
1,0,58963766,420701553,0,23492,127.0.0.1,
1,https,58963766,420701553,0,6160,10.72.101.121,34.110.186.80
1,0,58963766,420701553,0,6024,127.0.0.1,127.0.0.1
1,0,58963766,420701553,0,7852,fe80::32a3:3992:9c40:28b6,
1,0,58963766,420701987,0,14928,127.0.0.1,127.0.0.1
1,0,58963766,420701987,0,14704,0.0.0.0,
1,0,58963766,420701987,0,3488,10.72.101.121,10.72.151.190
2,0,58963766,420701987,0,1212,fe80::b31b:e46d:18a2:8324,
2,0,58963767,420701987,0,3240,::,
1,0,58963767,420701987,0,0,127.0.0.1,127.0.0.1
1,0,58963767,420702753,0,25320,127.0.0.1,127.0.0.1
1,0,58963767,420702753,0,5992,::1,
1,0,58963767,420702753,0,4,192.168.189.1,
1,0,58963767,420702753,0,7232,0.0.0.0,
1,https,58963767,420702753,0,20996,10.72.101.121,34.170.65.59
2,0,58963767,420702753,0,5484,::1,
1,0,58963767,420703514,0,10628,127.0.0.1,127.0.0.1
1,0,58963767,420703514,0,7852,fe80::32a3:3992:9c40:28b6,
1,0,58963767,420703514,0,4,192.168.189.1,
2,0,58963767,420703514,0,1212,fe80::b31b:e46d:18a2:8324,
1,0,58963767,420703514,0,24156,0.0.0.0,
1,0,58963767,420703514,0,23492,127.0.0.1,
1,0,58963767,420704024,0,23492,127.0.0.1,
1,0,58963767,420704024,0,9360,127.0.0.1,
2,0,58963767,420704024,0,4,192.168.189.1,
1,0,58963767,420704024,0,7852,fe80::32a3:3992:9c40:28b6,
1,0,58963767,420704024,0,8832,127.0.0.1,127.0.0.1
1,0,58963767,420704024,0,23492,127.0.0.1,
1,0,58963767,420704484,0,1008,0.0.0.0,
1,0,58963767,420704484,0,7852,fe80::32a3:3992:9c40:28b6,
1,0,58963767,420704484,0,7832,fe80::d181:f307:cb71:bf47,fe80::d181:f307:cb71:bf47
1,https,58963767,420704484,0,6160,10.72.101.121,34.110.186.80
2,0,58963767,420704484,0,6024,127.0.0.1,127.0.0.1
