protocol_type,service,src_bytes,dst_bytes,logged_in
1,0,58963027,420683264,0
1,0,58963027,420684191,0
1,0,58963027,420684191,0
2,0,58963027,420684191,0
1,0,58963027,420684191,0
1,0,58963027,420684191,0
2,0,58963027,420684191,0
1,https,58963027,420684843,0
2,0,58963027,420684843,0
1,0,58963027,420684843,0
2,0,58963027,420685433,0
1,0,58963027,420685433,0
1,https,58963027,420685433,0
1,0,58963027,420686111,0
1,0,58963027,420686111,0
1,https,58963027,420686111,0
1,0,58963027,420686111,0
1,https,58963027,420686111,0
1,0,58963027,420686111,0
1,0,58963027,420686403,0
1,0,58963027,420686403,0
1,0,58963027,420686403,0
1,0,58963027,420686403,0
1,0,58963027,420686403,0
1,0,58963027,420686403,0
2,0,58963027,420686403,0
1,0,58963027,420686403,0
1,0,58963027,420686403,0
1,0,58963027,420686403,0
1,0,58963069,420686459,0
1,0,58963069,420686459,0
1,https,58963069,420686459,0
1,0,58963069,420686872,0
1,https,58963069,420686872,0
1,0,58963069,420686872,0
1,0,58963069,420686872,0
1,https,58963069,420686872,0
2,0,58963069,420686872,0
1,0,58963069,420686872,0
1,0,58963069,420686872,0
1,0,58963069,420686872,0
1,https,58963069,420686872,0
1,0,58963069,420686872,0
1,0,58963069,420686872,0
1,0,58963069,420686872,0
2,0,58963069,420686964,0
1,0,58963069,420686964,0
1,0,58963069,420686964,0
1,0,58963069,420686964,0
1,0,58963069,420686964,0
1,0,58963069,420686964,0
1,https,58963069,420686964,0
2,0,58963069,420687143,0
1,0,58963069,420687143,0
1,0,58963069,420687143,0
1,0,58963069,420687143,0
1,0,58963069,420687143,0
1,0,58963069,420687143,0
2,0,58963069,420687813,0
1,0,58963069,420687813,0
1,0,58963069,420687813,0
1,0,58963069,420687813,0
1,0,58963069,420687813,0
1,0,58963069,420687813,0
2,0,58963069,420688414,0
2,0,58963069,420689004,0
2,0,58963069,420689004,0
1,0,58963069,420689004,0
1,0,58963069,420689004,0
1,0,58963069,420689004,0
1,0,58963069,420689794,0
2,0,58963069,420689794,0
1,0,58963069,420689794,0
1,0,58963069,420690223,0
1,0,58963069,420690223,0
1,0,58963069,420690223,0
1,0,58963069,420690223,0
2,0,58963069,420690223,0
2,0,58963069,420690223,0
2,0,58963069,420690648,0
1,0,58963069,420690648,0
1,0,58963069,420690648,0
2,0,58963069,420690648,0
2,0,58963069,420690648,0
1,0,58963069,420690648,0
1,0,58963069,420691228,0
1,0,58963069,420691228,0
1,0,58963069,420691228,0
1,0,58963069,420691228,0
2,0,58963069,420691228,0
1,https,58963069,420691228,0
2,0,58963069,420691832,0
1,0,58963069,420691832,0
1,0,58963069,420691832,0
1,0,58963069,420691832,0
1,0,58963069,420691832,0
2,0,58963069,420691832,0
2,0,58963069,420691832,0
2,0,58963069,420691832,0
2,0,58963069,420692032,0
2,0,58963172,420692032,0
1,0,58963172,420692032,0
1,0,58963172,420692088,0
2,0,58963173,420692339,0
1,0,58963173,420692339,0
1,0,58963173,420692339,0
1,0,58963425,420692339,0
1,0,58963425,420692395,0
1,0,58963425,420692395,0
1,0,58963425,420692882,0
1,0,58963425,420692882,0
1,0,58963425,420692882,0
1,https,58963479,420692882,0
1,0,58963479,420692882,0
1,0,58963479,420692882,0
1,0,58963479,420693164,0
1,0,58963479,420693164,0
2,0,58963479,420693164,0
1,0,58963479,420693164,0
1,0,58963479,420693164,0
1,0,58963479,420694401,0
2,0,58963479,420694401,0
2,0,58963533,420694401,0
2,0,58963533,420694401,0
2,0,58963533,420694401,0
1,0,58963533,420694668,0
2,0,58963533,420694668,0
2,0,58963533,420694668,0
1,0,58963533,420694668,0
2,0,58963533,420694668,0
1,https,58963533,420694668,0
2,0,58963533,420694771,0
1,0,58963575,420694771,0
1,0,58963575,420694771,0
1,0,58963575,420694771,0
2,0,58963575,420694771,0
2,0,58963575,420694771,0
1,0,58963575,420694771,0
1,0,58963575,420694771,0
2,0,58963575,420694771,0
2,0,58963575,420694771,0
1,0,58963575,420695055,0
1,0,58963575,420695055,0
1,https,58963575,420695055,0
1,0,58963575,420695055,0
1,0,58963575,420695055,0
2,0,58963575,420695055,0
2,0,58963575,420695222,0
2,0,58963575,420695222,0
1,0,58963575,420695222,0
2,0,58963575,420695222,0
2,0,58963575,420695222,0
1,0,58963575,420695222,0
1,0,58963575,420695803,0
1,0,58963575,420695803,0
1,0,58963575,420695803,0
1,0,58963575,420695803,0
1,0,58963575,420695803,0
1,0,58963575,420695803,0
1,0,58963575,420695803,0
1,0,58963575,420696548,0
1,0,58963575,420696548,0
1,0,58963575,420696548,0
2,0,58963575,420696548,0
2,0,58963575,420696548,0
1,0,58963575,420696548,0
1,0,58963575,420697316,0
1,0,58963575,420697316,0
2,0,58963575,420697316,0
1,0,58963575,420697316,0
1,0,58963575,420697316,0
2,0,58963575,420697316,0
1,0,58963575,420698007,0
2,0,58963575,420698007,0
2,0,58963575,420698007,0
1,0,58963576,420698007,0
1,0,58963576,420698007,0
1,0,58963576,420698007,0
1,0,58963576,420699500,0
1,0,58963576,420699500,0
2,0,58963576,420699500,0
2,0,58963576,420699500,0
2,0,58963576,420699500,0
1,0,58963576,420699500,0
1,0,58963576,420699717,0
1,0,58963724,420699985,0
1,0,58963724,420699985,0
1,0,58963766,420699985,0
1,0,58963766,420699985,0
1,0,58963766,420700900,0
2,0,58963766,420700900,0
1,0,58963766,420700900,0
2,0,58963766,420700900,0
2,0,58963766,420700900,0
2,0,58963766,420700900,0
1,0,58963766,420701067,0
1,0,58963766,420701067,0
1,0,58963766,420701067,0
1,0,58963766,420701067,0
2,0,58963766,420701067,0
1,0,58963766,420701067,0
2,0,58963766,420701234,0
1,https,58963766,420701234,0
2,0,58963766,420701234,0
1,0,58963766,420701234,0
1,0,58963766,420701234,0
1,0,58963766,420701234,0
1,0,58963766,420701553,0
2,0,58963766,420701553,0
1,0,58963766,420701553,0
1,https,58963766,420701553,0
1,0,58963766,420701553,0
1,0,58963766,420701553,0
1,0,58963766,420701987,0
1,0,58963766,420701987,0
1,0,58963766,420701987,0
2,0,58963766,420701987,0
2,0,58963767,420701987,0
1,0,58963767,420701987,0
1,0,58963767,420702753,0
1,0,58963767,420702753,0
1,0,58963767,420702753,0
1,0,58963767,420702753,0
1,https,58963767,420702753,0
2,0,58963767,420702753,0
1,0,58963767,420703514,0
1,0,58963767,420703514,0
1,0,58963767,420703514,0
2,0,58963767,420703514,0
1,0,58963767,420703514,0
1,0,58963767,420703514,0
1,0,58963767,420704024,0
1,0,58963767,420704024,0
2,0,58963767,420704024,0
1,0,58963767,420704024,0
1,0,58963767,420704024,0
1,0,58963767,420704024,0
1,0,58963767,420704484,0
1,0,58963767,420704484,0
1,0,58963767,420704484,0
1,https,58963767,420704484,0
2,0,58963767,420704484,0
